{"cameraMode":{"drawMode":0,"name":"Shaded","section":"Shading Mode"},"sceneLighting":true,"audioPlay":false,"sceneViewState":{"m_AlwaysRefresh":false,"showFog":true,"showSkybox":true,"showFlares":true,"showImageEffects":true,"showParticleSystems":true,"showVisualEffectGraphs":true,"m_FxEnabled":true},"in2DMode":false,"pivot":{"x":-0.13931576907634736,"y":8.463837623596192,"z":-5.507422924041748},"rotation":{"x":-0.34130531549453738,"y":0.004789487458765507,"z":-0.0017402572557330132,"w":-0.9399405717849731},"size":11.578119277954102,"orthographic":false}