{"cameraMode":{"drawMode":0,"name":"Shaded","section":"Shading Mode"},"sceneLighting":true,"audioPlay":false,"sceneViewState":{"m_AlwaysRefresh":false,"showFog":true,"showSkybox":true,"showFlares":true,"showImageEffects":true,"showParticleSystems":true,"showVisualEffectGraphs":true,"m_FxEnabled":true},"in2DMode":false,"pivot":{"x":1.9329116344451905,"y":-5.43950891494751,"z":1.4077973365783692},"rotation":{"x":-0.36737507581710818,"y":-0.05241960659623146,"z":0.020740536972880365,"w":-0.9283747673034668},"size":15.974222183227539,"orthographic":false}