{"cameraMode":{"drawMode":0,"name":"Shaded","section":"Shading Mode"},"sceneLighting":true,"audioPlay":false,"sceneViewState":{"m_AlwaysRefresh":false,"showFog":true,"showSkybox":true,"showFlares":true,"showImageEffects":true,"showParticleSystems":true,"showVisualEffectGraphs":true,"m_FxEnabled":true},"in2DMode":false,"pivot":{"x":0.048393312841653827,"y":0.3184662461280823,"z":14.543404579162598},"rotation":{"x":-0.010808573104441166,"y":0.009595167823135853,"z":-0.00010446825035614893,"w":-0.9999054670333862},"size":11.578119277954102,"orthographic":false}